draw,nnp,dalys_accrued,dalys_no_care,dalys_averted_care,daly_ideal,yld,yll,yld_prediag,cost_art_drug,cost_art_svc,cost_hiv_care,cost_art,cost_total,cost_no_care,inc_cost,icer,pct_ever_dx,pct_ever_art,assigned_p1,prev_icer_125,net_saving_125,prev_icer_55,net_saving_55,treat_ce_500
0,26.963841980401618,5.113848102858504,16.63817459835792,11.524326495499416,1.022830401892035,1.2990453721105366,3.814802730747967,0.6750609111172351,1046.914857228608,2767.338620801147,1121.3094621376674,3814.253478029755,4935.562940167422,2477.0964788230613,2458.4664613443615,213.32842854673234,0.846,0.773,0.952,-306.04794298492766,1.0,-675.1376970535065,1.0,1.0
1,89.52893602799043,5.170258935574133,14.784247492311081,9.613988556736949,1.1349722618774485,1.3150094207387113,3.855249514835421,0.6205996340884642,867.6421672124669,2067.1604567058193,1348.2924569114607,2934.8026239182855,4283.095080829747,2507.050267337426,1776.044813492321,184.73548236624097,0.797,0.728,0.932,1336.107535183236,0.0,123.97762059832836,0.0,1.0
2,55.431046290609004,5.761105790896388,15.23999351132514,9.478887720428753,1.8045480119612554,1.3850448501083645,4.376060940788024,0.707012515408141,791.3948838866233,3192.7951533033697,1094.7060938708003,3984.1900371899933,5078.896131060794,2359.829746337071,2719.066384723723,286.85500503014003,0.807,0.736,0.919,321.11624441763405,0.0,-352.39564395525804,1.0,1.0
3,43.08639096052099,5.255474190379547,15.996099639027673,10.740625448648126,1.3141955569399615,1.4167088718976752,3.838765318481872,0.5381060418209813,876.8390798201955,2452.07434918945,1162.7656777528903,3328.9134290096454,4491.679106762536,2257.2358698047783,2234.4432369577567,208.0366034213581,0.809,0.743,0.925,170.1311301155898,0.0,-403.75568922366597,1.0,1.0
4,80.00486972271834,5.001671899950311,14.013640437623453,9.011968537673143,1.5424904838345768,1.068588821299044,3.933083078651267,0.4380965885076296,854.1136486908257,1273.6838624268848,1184.6568459482776,2127.7975111177107,3312.4543570659876,2472.345616319961,840.1087407460266,93.22144626161106,0.799,0.735,0.927,1337.183744167675,0.0,217.48997124228157,0.0,1.0
5,40.249451620850216,4.709793707733304,13.732500081889889,9.022706374156584,1.0008595939910052,1.292189836527938,3.417603871205366,0.6317685919934017,629.4068129601338,2470.346686815492,1125.2506910906875,3099.753499775625,4225.004190866314,2293.3071985219444,1931.6969923443685,214.0928577568765,0.819,0.731,0.934,171.17039763679037,0.0,-427.0429824595288,1.0,1.0
6,82.2361691184695,5.888369590277291,15.414425303361561,9.526055713084268,1.9541642621952846,1.5499815898960512,4.338388000381239,0.5830106005321034,833.0673330437797,1519.8772383003256,1251.2886921664929,2352.9445713441055,3604.2332635105977,2577.6690835653235,1026.5641799452744,107.76382281023862,0.797,0.723,0.925,1133.6394181710566,0.0,156.02893533080012,0.0,1.0
7,127.61860261013564,4.82298334429328,13.502510708244449,8.679527363951168,0.9435501977459585,1.1367793436502243,3.6862040006430554,0.6608905067027856,600.5416117019581,1636.6950853659844,1214.5240412537087,2237.2366970679423,3451.7607383216514,2458.4862235655505,993.2745147561009,114.43877910696902,0.798,0.722,0.929,2591.873887090322,0.0,739.6381348603903,0.0,1.0
8,47.48048096255895,6.118427385371426,16.834983234766007,10.716555849394584,1.5726331209951605,1.7498223024575308,4.368605082913894,0.7894599664405807,919.7789807144695,1831.6163472265205,1050.481654078809,2751.3953279409902,3801.8769820197995,2171.812944612732,1630.0640374070672,152.1070818194966,0.803,0.733,0.924,348.6489262584542,0.0,-194.56805713267275,1.0,1.0
9,86.69447065315416,5.169417769256537,15.154499145019269,9.985081375762732,1.1958902168528087,1.179888897299207,3.98952887195733,0.6255685704574625,805.1244863599461,1462.1678815423586,939.3055652266568,2267.2923679023047,3206.5979331289614,1966.456060527802,1240.1418726011593,124.19947579109524,0.814,0.745,0.932,1476.0290692490657,0.0,302.08391399155676,0.0,1.0
10,38.71957813435066,5.542891711448134,13.685027304290935,8.142135592842804,1.8591633992714756,1.6106551579747839,3.9322365534733508,0.8142215910492866,872.0724143508052,3038.2911093199655,1108.8087927703664,3910.36352367077,5019.172316441137,2000.5401547808274,3018.632161660309,370.742064810832,0.774,0.698,0.917,-32.33421451787303,1.0,-521.3155279731985,1.0,1.0
11,38.55666568624028,5.588751968859952,17.131457575577322,11.542705606717373,1.4934442709563236,1.5063375306348346,4.082414438225116,0.5841588602268012,1072.0496238780324,1132.4720958166788,993.8414750977071,2204.521719694712,3198.3631947924187,2031.7576765652816,1166.605518227137,101.06863658969361,0.854,0.776,0.94,290.08623481967277,0.0,-192.84208496893677,1.0,1.0
12,83.35986270403424,5.319550218228001,14.835159594148994,9.515609375920992,1.3587652775611678,1.3401516784665803,3.97939853976142,0.677793472149772,1020.8238515242462,2160.5647880991514,1310.6998829274116,3181.388639623398,4492.08852255081,2639.869576625701,1852.2189459251085,194.65058649970453,0.806,0.739,0.933,1114.3600628378156,0.0,17.427023407620737,0.0,1.0
13,30.23678451254984,5.008791410706263,13.664832069119518,8.656040658413254,1.2469337100322258,1.5226225403327784,3.4861688703734854,0.8107555687529515,976.2441436756382,1287.9391109359892,1027.677518448869,2264.1832546116275,3291.8607730604963,2386.858576864057,905.0021961964402,104.5515186341947,0.802,0.726,0.945,97.37624329208397,0.0,-325.1957391135562,1.0,1.0
14,25.60123248150735,5.025068245804411,14.232968374201905,9.207900128397494,1.1727946470073447,1.3571866834233204,3.6678815623810896,0.7500610264266797,950.8862033904574,1282.2162289809014,1160.0605317946895,2233.1024323713586,3393.1629641660484,2571.203128188239,821.9598359778092,89.26680616820067,0.789,0.725,0.928,-38.40921048958472,1.0,-395.03845133656904,1.0,1.0
15,135.6438468519982,4.5920423012733576,12.096044790672163,7.504002489398807,1.6953821055587166,1.3268825647428755,3.265159736530482,0.643913607670073,886.9160544911177,1608.8705122868405,1208.1766237979325,2495.7865667779583,3703.96319057589,2938.480104406532,765.4830861693586,102.00997231154787,0.78,0.721,0.931,2885.7568803861595,0.0,818.034360276333,0.0,1.0
16,107.73882846923306,5.4301183680138365,14.575364250444384,9.145245882430547,1.3363527090958218,1.3385781948987525,4.091540173115084,0.7052861842850074,763.6826946200216,2460.8242498783334,1028.3169594874864,3224.506944498355,4252.823903985841,2197.6841589660135,2055.139745019828,224.7221968047982,0.783,0.711,0.928,1696.9297960329125,0.0,308.06173060161825,0.0,1.0
17,30.891172210218663,4.607105943279942,11.15719612181704,6.550090178537099,1.805924535931729,1.3868889397094146,3.2202170035705278,0.6307989666926538,744.315443476228,2059.303125621404,1229.4262600104087,2803.6185690976317,4033.0448291080406,2771.134589672086,1261.9102394359547,192.65539939753785,0.762,0.68,0.933,-37.25729448029715,1.0,-506.6152995570892,1.0,1.0
18,105.32697444530203,5.823385050854024,14.074033231319383,8.25064818046536,1.890405120895709,1.3823757816180404,4.441009269235984,0.5724521298385633,840.5354155366728,1427.7952035848227,1507.101178077295,2268.3306191214956,3775.4317971987903,2867.4031539301786,908.0286432686112,110.0554312106659,0.77,0.698,0.895,1612.5397730804038,0.0,346.45687682921437,0.0,1.0
19,22.046430896366164,4.434071302162024,12.31418302295494,7.880111720792916,0.7235288194409112,1.4063959839976494,3.0276753181643747,0.8406649297132867,876.4661354891201,1809.8049560482077,960.5668708916957,2686.2710915373286,3646.8379624290233,2208.858331067861,1437.9796313611628,182.48213760305288,0.757,0.687,0.929,-200.95168518124424,1.0,-548.995290612928,1.0,1.0
20,87.88004991278058,4.546749303950979,15.148976313750696,10.602227009799718,0.8923979880710289,1.250774581486606,3.295974722464373,0.631484872181337,946.4626733241959,2057.603583448202,887.1717707246213,3004.066256772398,3891.2380274970187,2170.697317832705,1720.5407096643141,162.28106680549337,0.813,0.754,0.927,1560.184592855449,0.0,207.21721272100964,0.0,1.0
21,67.92171901829839,5.8123067951529395,17.357985697797268,11.54567890264433,1.2499211316660326,1.4365863931011493,4.375720402051791,0.5875348670119389,971.92376100741,1763.2670338410421,1509.1755536814267,2735.1907948484522,4244.366348529879,2945.446662847964,1298.9196856819149,112.50266845585155,0.837,0.763,0.938,730.4928453360657,0.0,-87.51633739424503,1.0,1.0
22,35.562993124847935,4.981341194538437,14.020541738823518,9.039200544285078,1.4759098722172757,1.3240824391092878,3.6572587554291505,0.6370812442682735,805.4553669589343,1638.3417405592622,1503.0486211619432,2443.7971075181968,3946.8457286801395,2850.8043433732187,1096.0413853069206,121.25423923688462,0.792,0.721,0.928,100.07915387776303,0.0,-399.66768568198324,1.0,1.0
23,64.49933398726915,6.135294362766005,15.857869040272726,9.722574677506723,1.7735183552157356,1.4321519894324468,4.703142373333558,0.6031933749687776,1055.6872312068256,4577.351939342524,1351.501409501358,5633.03917054935,6984.540580050707,2898.97795367963,4085.5626263710774,420.21406488376675,0.801,0.71,0.917,175.68450747846313,0.0,-560.2139045862094,1.0,1.0
24,126.92028515812234,4.9382435719505695,13.18200511207098,8.243761540120412,1.2991225030194495,1.7965071281699418,3.1417364437806268,1.0578629937874797,881.236596108124,1061.083408500834,1100.597932638361,1942.320004608958,3042.917937247319,2632.850045864412,410.06789138290685,49.742813324621864,0.769,0.709,0.931,2596.493575235563,0.0,797.3883201743424,0.0,1.0
25,32.641698717932435,5.437220200018248,14.692563460585024,9.255343260566775,1.3282385031935802,1.6336759435361177,3.8035442564821307,0.8628632106426741,772.9742764095429,1268.2561837526503,1329.9904464836065,2041.2304601621931,3371.220906645799,2266.259097233258,1104.9618094125415,119.38636723721862,0.783,0.712,0.925,130.3959389199238,0.0,-289.84065739221415,1.0,1.0
26,36.81101508259629,5.256840513474023,15.403353136359817,10.146512622885796,1.296969723294254,1.4630561686849906,3.7937843447890325,0.7553000725517135,1370.698671382615,2374.661928123217,1470.643727138718,3745.3605995058324,5216.004326644551,2859.3375375562873,2356.6667890882636,232.26372219482815,0.812,0.738,0.936,-116.91955267515492,1.0,-607.0944113525512,1.0,1.0
27,41.92398326743969,5.43780746154504,15.303845861195274,9.86603839965023,1.1912699553915223,1.4696683112277868,3.9681391503172527,0.7286994479410498,925.0031991116638,1748.2133185093053,1047.0491101973205,2673.216517620969,3720.2656278182894,2040.7661619002815,1679.499465918008,170.2303800051649,0.808,0.733,0.922,279.5671401318298,0.0,-260.1133927804095,1.0,1.0
28,145.3173932129516,5.509055441311544,16.11037222209081,10.601316780779266,1.344469126015293,1.140037125587024,4.36901831572452,0.4967571599575593,1185.8791049201386,1488.460049356795,1075.5034850638908,2674.3391542769336,3749.8426393408245,2061.6727506547427,1688.1698886860813,159.24152853792845,0.832,0.754,0.942,2616.5704204360627,0.0,770.1164078975892,0.0,1.0
29,60.62062152699323,5.107831310684197,15.151604263424662,10.043772952740467,1.5240844198144308,1.3109033530504026,3.796927957633794,0.5257318311510426,863.1089027404358,2126.2799390617956,1457.7649526655637,2989.388841802232,4447.153794467795,2956.816938002393,1490.3368564654024,148.3841643452086,0.823,0.753,0.922,612.8675177385679,0.0,-217.90453575767708,1.0,1.0
30,58.203421597443,6.5375868735622875,17.124628333903157,10.587041460340872,1.4234303472094543,1.4198206723091107,5.117766201253176,0.6578553326141139,1056.350885730675,1686.4842133566071,1104.6644278795845,2742.8350990872823,3847.4995269668666,2365.3561006142822,1482.1434263525844,139.99599717302547,0.801,0.703,0.925,524.3415099500854,0.0,-98.86084140941303,1.0,1.0
31,7.071975781210947,4.556292715935159,11.492886810840968,6.93659409490581,1.4050626523083576,1.8399491491833788,2.716343566751781,1.195324664480082,685.054357828938,1509.9433188789728,1002.1823735223244,2194.9976767079106,3197.180050230235,2133.687963282672,1063.4920869475627,153.31617684370266,0.731,0.665,0.935,-507.68974291066723,1.0,-616.3391066693698,1.0,1.0
32,46.935837349150404,5.2270602155183,14.861268408635665,9.634208193117361,1.725871882989526,1.1800225827737725,4.047037632744527,0.49396521694303647,910.1956509564701,1687.8398578990493,1108.8053588589232,2598.0355088555193,3706.8408677144425,2147.692105714238,1559.148762000204,161.8346552977808,0.809,0.737,0.926,413.2607454025981,0.0,-215.29689100770804,1.0,1.0
33,79.80571000647785,5.434786074695141,15.63767923600149,10.20289316130635,1.1905507755076108,1.2415070393975542,4.1932790352975875,0.5579214332826506,934.1305200173882,3543.2353896634745,1407.1588042614144,4477.365909680863,5884.524713942277,2690.6695470624018,3193.8551668798764,313.03426551522807,0.811,0.732,0.921,752.7783027038365,0.0,-275.11858664462113,1.0,1.0
34,50.065729476621215,5.33006253406086,15.041487221875181,9.71142468781432,1.3888294165704989,1.0273340022885455,4.302728531772314,0.46001147139256693,707.2766202196345,2780.8332700351407,1056.8747242691186,3488.109890254775,4544.9846145238935,2001.6392895735905,2543.345324950303,261.8920917073719,0.804,0.736,0.925,321.4280431243804,0.0,-336.08789425307566,1.0,1.0
35,46.55824642861566,5.296087456753832,15.6074307317676,10.311343275013765,1.3854809506485697,1.41096693772252,3.8851205190313127,0.671929392296906,1053.0245132451946,2380.061573292104,1148.0856972710937,3433.086086537299,4581.171783808393,2409.099099016331,2172.0726847920614,210.64885794806028,0.809,0.746,0.943,233.87246337653073,0.0,-381.50205160564917,1.0,1.0
36,52.81328725059395,5.053755697431318,13.985992278090816,8.9322365806595,1.2511436639185758,1.0748923010640243,3.978863396367293,0.5002034560991174,782.208598448625,1746.1100317378598,1055.996652610342,2528.3186301864853,3584.315282796827,2468.749508179925,1115.5657746169018,124.8920989209329,0.798,0.724,0.92,597.0501552065623,0.0,-134.4711784068971,1.0,1.0
37,71.56786038393604,5.561035428591645,16.671549901805005,11.110514473213358,1.3487407800984912,1.4423827076356952,4.11865272095595,0.6193299840608085,893.4451350830748,3985.3396828701757,1158.2317786630028,4878.784817953251,6037.016596616253,2223.5055527861955,3813.5110438300576,343.23442474461064,0.827,0.751,0.93,523.097899434253,0.0,-377.7685473282092,1.0,1.0
38,106.34623102826805,4.995674655582603,14.598054312292485,9.602379656709882,1.0843863424677465,1.1873841530713793,3.808290502511224,0.43823257056453857,924.2653210918575,1692.8860684501208,1337.094984765212,2617.151389541978,3954.24637430719,2724.2387102992493,1230.0076640079408,128.09404626575505,0.819,0.737,0.921,1869.4236811018243,0.0,379.28737615652017,0.0,1.0
39,39.97635457296107,5.351293962323718,15.633500537903215,10.282206575579496,1.4789383401242222,1.4496562486507412,3.9016377136729767,0.7398716807939411,963.1987120990316,1725.417167074886,1017.4715398528708,2688.6158791739176,3706.0874190267887,2301.708359087217,1404.3790599395713,136.58343173876779,0.825,0.746,0.942,241.24200832218284,0.0,-281.6866216146663,1.0,1.0
40,27.247126161756384,5.423449296481229,16.54346171448611,11.120012418004885,1.2249204024105436,1.2454189512541949,4.178030345227033,0.5375178011320033,1065.8858710798836,2037.4974039328197,1034.7107009723043,3103.383275012703,4138.093975985007,1937.6250378892403,2200.468938095767,197.88367632871473,0.826,0.758,0.928,-135.00692377460183,1.0,-486.68326977831856,1.0,1.0
41,73.26159952846992,5.379155774860897,16.1683185751539,10.789162800293003,1.1708045774643525,1.404826152858291,3.9743296220026068,0.7212117111623502,1140.4266555360334,2395.988261312433,1009.6280990529831,3536.414916848467,4546.0430159014495,2231.9096537397268,2314.1333621617227,214.486833222952,0.821,0.76,0.925,857.3198319910239,0.0,-96.04760736808457,1.0,1.0
42,75.81397093281275,5.952193949237977,16.82460596435434,10.872412015116366,1.4776151495271492,1.5528956025824059,4.399298346655571,0.7665807969748142,1214.0723817633614,1916.2145857368344,1113.7558310852414,3130.2869675001953,4244.042798585438,2098.1094445147987,2145.9333540706384,197.3741752140241,0.825,0.743,0.932,879.1218183819542,0.0,-12.478490774018795,1.0,1.0
43,54.197799589478315,5.130780308501885,12.847746872466821,7.716966563964935,1.8415530682471744,1.5092566652954722,3.621523643206413,0.709872812478544,740.4610002316604,1628.8607702135703,1533.3622228483928,2369.3217704452304,3902.6839932936236,3247.368548660472,655.3154446331519,84.91878760926681,0.774,0.706,0.923,559.7668936695832,0.0,-179.66175911778032,1.0,1.0
44,16.209624205100212,5.815882587771275,16.540710259541278,10.724827671770006,1.5566223622523074,1.503219249789382,4.312663337981894,0.6567951118146701,958.3922239614187,875.2572524768682,978.2208263003585,1833.649476438287,2811.870302738645,2016.7387535649734,795.1315491736719,74.13933104646752,0.818,0.748,0.933,-135.08994812809604,1.0,-330.1890886683175,1.0,1.0
45,53.044219050627134,4.364124182640895,11.82078053126699,7.456656348626095,1.1307344876335133,1.3572812335501734,3.006842949090721,0.7343632917678123,1121.6861334777004,2286.0745328845364,826.2166688268617,3407.7606663622373,4233.977335189098,2012.0921905420657,2221.885144647033,297.97338656439763,0.771,0.703,0.93,549.1479953004115,0.0,-301.6745702703435,1.0,1.0
46,83.92099921635092,4.414952203172797,11.344894970182658,6.929942767009862,0.9659442091251115,1.3459167667126144,3.0690354364601835,0.8169169674346504,741.7616672910211,2189.6341456018426,1148.6878763396994,2931.395812892864,4080.0836892325638,2631.07204573553,1449.0116434970334,209.09431610244803,0.733,0.664,0.927,1451.8936826099127,0.0,121.30850868144154,0.0,1.0
47,30.168229500708144,5.966630034906276,17.429548883624836,11.462918848718564,1.421201400688927,1.2516665348256424,4.714963500080635,0.4562359541388565,793.9023188715063,2175.7517982572817,1616.8599644106607,2969.6541171287877,4586.514081539448,2745.6985915618593,1840.8154899775884,160.58872214587583,0.824,0.742,0.918,-136.67436881122788,1.0,-490.6054911860278,1.0,1.0
48,58.438695887066956,5.1280995051156095,14.303394563245016,9.175295058129405,1.3751129564016915,1.1338584421058346,3.9942410630097753,0.6594288668584731,814.5018261099884,2054.1828615457644,1350.0429579969846,2868.6846876557524,4218.727645652738,2864.3261621977454,1354.401483454992,147.61394318921424,0.807,0.73,0.94,601.803716396696,0.0,-195.90091238711392,1.0,1.0
49,37.65492340681312,5.382249882292235,14.680377901728727,9.298128019436493,1.485954854938909,1.748895066991657,3.6333548153005766,0.8569304766922575,1116.6214468071983,2483.08167447922,1251.9336416013016,3599.7031212864185,4851.63676288772,2401.033925149287,2450.602837738433,263.55873274876143,0.799,0.726,0.939,-26.89792191038582,1.0,-516.6270679221545,1.0,1.0
50,69.4865050282139,4.739776264197775,14.033865543504795,9.29408927930702,1.3628212585211372,1.181541761345563,3.5582345028522124,0.5496807880402055,836.2800836837399,2126.472617847025,1131.2192688247333,2962.7527015307646,4093.971970355498,2465.7651548808776,1628.206815474621,175.18734397137428,0.83,0.756,0.946,968.7885887897338,0.0,-57.43186568950987,1.0,1.0
51,164.6790029964328,5.180257240664145,15.415651251404354,10.235394010740208,1.481789357731829,1.4828507911602018,3.6974064495039425,0.7130019601710278,690.3364551824862,2412.790790238709,1470.5532874593537,3103.1272454211953,4573.6805328805485,2985.8728907829213,1587.8076420976276,155.1291176901943,0.824,0.762,0.942,3090.810764374475,0.0,865.5293402665886,0.0,1.0
52,23.069521371966182,5.641187484270733,14.95453845392196,9.313350969651227,1.3699068423234932,1.5428268488372971,4.098360635433436,0.8524930593829105,911.9981389745598,1980.5171154160168,1076.0896761236797,2892.515254390577,3968.6049305142565,2390.607431722588,1577.997498791668,169.4339130924819,0.793,0.711,0.931,-192.3202804451263,1.0,-478.58385536447594,1.0,1.0
53,32.6847054587145,5.590843412270575,17.320562856762184,11.729719444491609,1.4933857318065784,1.3303681880172216,4.260475224253354,0.49861764320405955,850.0624295891743,2060.062515964414,1208.900239101202,2910.124945553588,4119.02518465479,2469.027818848461,1649.997365806329,140.6681015359821,0.833,0.769,0.934,-5.9806722975091064,1.0,-415.2086211770203,1.0,1.0
54,25.205984844538968,5.743981993520929,15.852691204401177,10.108709210880246,1.2371080574748614,1.5272863977093454,4.216695595811583,0.654404718052843,902.6483297084633,1789.3447095291763,1530.765450651967,2691.9930392376396,4222.758489889607,2737.507255771068,1485.251234118539,146.92788200099054,0.792,0.716,0.914,-186.63191937778302,1.0,-493.808881476193,1.0,1.0
55,45.99171909850921,6.235230429744235,18.439316187239793,12.204085757495559,1.4386144208051383,1.2973090304653014,4.937921399278934,0.6841917953607458,1129.561491357016,1689.8342839289005,1847.263406758804,2819.3957752859164,4666.65918204472,2437.9097497024622,2228.749432342258,182.62321952083914,0.848,0.767,0.936,173.579103044204,0.0,-342.7483002764304,1.0,1.0
56,31.291208867211964,5.383167554906764,16.08231450072679,10.699146945820022,1.5081125700695879,1.1323276023773947,4.250839952529368,0.4187800323686048,765.0542651652403,2333.6035162573407,1011.2983503299721,3098.6577814225807,4109.956131752552,1912.3863052562422,2197.569826496311,205.39673280726973,0.845,0.766,0.931,-36.88442191810907,1.0,-443.7795442347642,1.0,1.0
57,39.549087472082846,5.185456381098003,16.04437268511348,10.858916304015478,1.2493011003960806,1.4889046258808123,3.6965517552171914,0.7397710887482689,1050.4205375970512,2769.870333905721,1316.6365756672124,3820.290871502772,5136.927447169984,2878.3165957820693,2258.610851387915,207.9959719878043,0.831,0.764,0.939,-37.27569937030295,1.0,-571.1604569660445,1.0,1.0
58,78.92091837535763,4.666236696085658,13.024894967264306,8.358658271178651,1.1423462853108488,1.5473089663492239,3.1189277297364333,0.8313196998672105,977.3382759727922,1920.3221529292352,1244.333508272034,2897.660428902027,4141.993937174062,2951.2506354871266,1190.7433016869347,142.45627265236055,0.778,0.712,0.938,1226.496046492148,0.0,42.573188290524,0.0,1.0
59,30.53266011432915,5.745210711084973,16.546044182028535,10.800833470943564,1.5752804856134544,1.6602756448204148,4.084935066264558,0.776784875819573,1001.581108864611,2482.39955470829,1042.3909881966588,3483.980663572901,4526.37165176956,2147.551988675109,2378.819663094451,220.24408296766717,0.814,0.742,0.93,-123.54449178146398,1.0,-495.5562970019931,1.0,1.0
60,41.5074232747549,6.013125881022557,17.243253254724195,11.230127373701636,1.189653421146358,1.3197211183901136,4.6934047626324435,0.5546570340862912,1135.7653095010025,1878.4201949287171,1316.1631511499806,3014.18550442972,4330.348655579701,2677.6966051374134,1652.6520504422872,147.1623602696098,0.808,0.731,0.933,142.70102950493052,0.0,-340.49517937582334,1.0,1.0
61,52.06477168223186,5.236883378187767,15.376868223704626,10.139984845516858,1.2115053182513824,1.2232995448677952,4.013583833319972,0.602612768584469,1002.3831607368475,2658.1221019033346,1078.3200089202203,3660.505262640182,4738.825271560402,2092.2632186137744,2646.5620529466282,261.00256492165664,0.788,0.717,0.922,337.84811708578457,0.0,-358.08756728254434,1.0,1.0
62,152.8796230612384,5.177842490810605,16.296956635450428,11.119114144639825,0.9488427064555874,1.0084260477877502,4.169416443022855,0.5225259358327162,1051.4545491291485,2991.921028174434,998.916355729564,4043.3755773035828,5042.291933033146,2242.1437146351427,2800.1482183980042,251.83195189590418,0.834,0.76,0.943,2716.896269940286,0.0,650.0945792207741,0.0,1.0
63,136.6163886711052,5.240316122999433,15.094275796268812,9.853959673269378,1.335895905486183,1.5326145278428538,3.7077015951565797,0.8569674279043854,1057.3823914493125,2503.0015808060366,1011.2014623019394,3560.3839722553494,4571.585434557289,2283.408607596754,2288.176826960534,232.20886860006354,0.82,0.74,0.936,2386.3948005818074,0.0,561.476802790551,0.0,1.0
64,33.22887914548005,5.633881724359421,17.266436879629968,11.632555155270545,1.1894188942941664,1.219584894225899,4.414296830133522,0.5822480027228886,957.2214911315706,1650.5121961405305,1277.5083146079671,2607.7336872721007,3885.2420018800685,2158.3674746999463,1726.8745271801217,148.45186669050088,0.835,0.755,0.933,47.63463353243393,0.0,-365.2284072599383,1.0,1.0
65,70.65067760656338,5.359887413649296,14.168262377206647,8.808374963557352,1.7819533211352707,1.5110681130727417,3.8488193005765545,0.6965954395861897,815.6867361582243,1260.9079392916685,1577.664816435962,2076.5946754498927,3654.259491885855,3248.5406085724485,405.71888331340585,46.060582683182254,0.796,0.719,0.923,965.8925289644731,0.0,43.19638802216826,0.0,1.0
66,48.329018197937,5.752124903405169,15.519482565370936,9.767357661965766,1.7285267786286809,1.7425513327476738,4.009573570657494,0.833199274019284,1074.8911067830988,1892.7005651731786,1019.4211750651497,2967.5916719562774,3987.012847021427,2083.042681892163,1903.9701651292644,194.93195918721725,0.811,0.737,0.924,357.1053240698397,0.0,-231.0305962494302,1.0,1.0
67,42.45334864165566,5.089350985491261,13.266032149382362,8.176681163891098,1.4344869972236216,1.839954133046276,3.2493968524449848,1.002037976238339,1221.823039784555,2959.9078150364535,1153.4800404924842,4181.7308548210085,5335.210895313492,2696.577705558651,2638.633189754841,322.70222317182476,0.776,0.717,0.927,-5.608242620307324,1.0,-589.5204965378945,1.0,1.0
68,62.47248831196656,4.638766537643742,12.843071603691584,8.20430506604784,1.1143751418441161,1.2303942938103662,3.408372243833377,0.63445767796765,984.5403704224259,3018.0778412364034,1181.6158910706015,4002.6182116588293,5184.234102729431,2320.0102799346687,2864.223822794762,349.1123013755154,0.783,0.7,0.933,565.8458805731724,0.0,-376.87760989568807,1.0,1.0
69,17.107652767487803,5.491294232580146,16.85882142161414,11.367527189034,1.0655186702058685,1.248971072771637,4.242323159808509,0.5524797759814953,702.1905042777879,2453.6465581311368,1052.7018135837766,3155.837062408925,4208.538875992702,2351.369418254219,1857.1694577384822,163.37497389318338,0.814,0.734,0.923,-376.97529805902883,1.0,-595.054250488695,1.0,1.0
70,91.16612768221403,5.455919905779866,17.540294128498136,12.08437422271827,1.222949592280932,1.301538310753693,4.154381595026172,0.5959990931219159,1082.163485878097,1848.588895461946,1393.9453710715072,2930.752381340043,4324.69775241155,2779.442371433701,1545.255380977849,127.87218870405502,0.827,0.754,0.92,1296.035926109232,0.0,126.36535763287996,0.0,1.0
71,15.701204586842213,5.49769306816412,16.12435635530057,10.626663287136449,1.5073752309041084,1.5644797797177785,3.9332132884463418,0.7488281827831685,900.2140706879333,2772.063382929812,1309.7289479771102,3672.277453617745,4982.006401594855,2475.827021858279,2506.1793797365767,235.83878702266787,0.825,0.751,0.922,-549.2041463216591,1.0,-749.1215130156095,1.0,1.0
72,50.40501830495087,5.242801211489072,15.627428029384603,10.38462681789553,1.4741966752735107,1.310936793050592,3.9318644184384794,0.6607311537627597,906.7868411441108,3025.5717623785813,1443.0787516892244,3932.3586035226917,5375.437355211916,2315.758753335138,3059.6786018767784,294.6353928293429,0.825,0.754,0.931,176.46862728258364,0.0,-496.52108547145593,1.0,1.0
73,34.37333515140796,5.595787705599667,16.154668210717382,10.558880505117715,1.5980172788864773,1.6273386578173792,3.9684490477822885,0.697004122130976,913.4022836804825,2063.0217171335516,1050.846421685468,2976.4240008140346,4027.2704224995023,2192.872269654192,1834.3981528453098,173.7303639297942,0.822,0.747,0.94,48.14272549276822,0.0,-381.84740050696456,1.0,1.0
74,49.64395686153439,6.0316373894590045,16.687552537937574,10.655915148478568,1.3301406053568894,1.5385889571780544,4.49304843228095,0.6803761955368075,860.0677711967187,3567.688699657461,1095.1523507890731,4427.756470854179,5522.908821643252,2323.514092884581,3199.394728758672,300.24589011629615,0.823,0.734,0.947,113.1675765591356,0.0,-462.9739843345138,1.0,1.0
75,80.95187595353367,5.72165072519514,17.22422795044384,11.502577225248704,0.9777279847233994,1.3395350633846734,4.382115661810466,0.6163191837998884,878.1569774874243,1258.4976431356183,1018.1919495984556,2136.654620623043,3154.8465702214985,1893.0427867317362,1261.8037834897623,109.69748420554335,0.831,0.744,0.929,1217.1553732393716,0.0,226.7713758739793,0.0,1.0
76,67.91043521420602,5.039062315921496,15.694813432927534,10.655751117006039,1.8347757479333169,1.5759088056720836,3.4631535102494118,0.48527130070005997,828.0620649338127,3143.247798155357,1059.6353499899162,3971.3098630891695,5030.945213079086,2657.0114174129853,2373.933795666101,222.78427579614007,0.84,0.777,0.934,686.2108408088474,0.0,-257.1651618999235,1.0,1.0
77,24.676290239807898,5.79550501139909,17.657319575525676,11.861814564126588,1.4454625022898695,1.2969123638643496,4.498592647534741,0.4675969094711597,815.2256175762491,1915.26719673605,1209.4906757505732,2730.492814312299,3939.983490062872,2203.1581650154462,1736.8253250474263,146.42155427889313,0.838,0.769,0.941,-147.60529210212377,1.0,-445.65357493322716,1.0,1.0
78,23.112996310637918,4.905871373432914,15.534270888138051,10.628399514705139,0.8726783134033312,1.3325621189134962,3.5733092545194176,0.682424210645338,1176.7743679258242,2217.508997947488,1276.81052743993,3394.283365873312,4671.093893313242,2814.215586854255,1856.878306458988,174.70911814049387,0.829,0.768,0.931,-363.2319763077192,1.0,-693.0224698999945,1.0,1.0
79,76.6979190309992,5.178450714143807,16.44505598432453,11.26660527018072,0.9960337080100573,1.371599728375335,3.8068509857684725,0.594743576084558,1124.6166076079985,1857.4001947457516,848.8699134650924,2982.01680235375,3830.886715818842,1732.5266541296098,2098.3600616892327,186.24599081703465,0.833,0.763,0.937,1111.5975570326152,0.0,74.82910474125899,0.0,1.0
80,24.002382271857982,4.96337258241474,13.845557264672042,8.8821846822573,1.4771247692264058,1.5807390589267325,3.382633523488008,0.7903809934880996,771.0382629222653,1859.1681461284288,1096.6251845091087,2630.206409050694,3726.8315935598034,2091.9323860766035,1634.8992074831997,184.06498693379,0.805,0.732,0.928,-146.37905930166704,1.0,-484.89218341870395,1.0,1.0
81,59.07256692144644,4.920663056237006,15.653591055531233,10.732927999294226,1.1343244009892444,1.0235981676633117,3.8970648885736945,0.47590323405368745,1059.5444153286642,2776.5907717956966,1212.6613863291261,3836.1351871243605,5048.796573453486,2555.2855180112856,2493.511055442201,232.32346807936926,0.835,0.761,0.946,474.58528760007795,0.0,-365.76481100299173,1.0,1.0
82,45.323777437427196,5.884453307972746,16.094192942512837,10.209739634540092,1.6223318680023613,1.1895992062577252,4.694854101715021,0.4966906024289548,925.0856881259518,3154.6966383781682,1377.2664958641506,4079.7823265041206,5457.0488223682705,2513.2688747632887,2943.779947604982,288.3305601296646,0.82,0.739,0.92,35.41932383552775,0.0,-503.74111377408246,1.0,1.0
83,98.69145446248277,6.269347562198208,16.59495074083656,10.325603178638351,1.6750243057610892,1.451302326641955,4.818045235556254,0.6402958803812449,941.7062610828481,2571.1911561315733,1356.8507535501337,3512.8974172144217,4869.748170764555,2332.9348173757708,2536.8133533887844,245.68185601369555,0.812,0.732,0.916,1190.982564448503,0.0,89.04942964691018,0.0,1.0
84,22.228973037747558,5.402177063122486,13.516690316921641,8.114513253799155,1.7396425056356597,1.7228613567746929,3.679315706347793,0.8322561565931578,968.7638858070858,2206.531909029152,1516.7503620629993,3175.2957948362373,4692.046156899237,3068.2602475192475,1623.785909379989,200.1088492424046,0.797,0.727,0.937,-354.1950781736915,1.0,-642.2323073242178,1.0,1.0
85,39.40196038977063,5.57409715181461,16.44511156556978,10.871014413755173,1.4721740543721804,1.4366569905039692,4.137440161310641,0.4941964932878509,729.320519333381,2194.5018971302675,1213.8608270179345,2923.822416463649,4137.683243481583,2277.6562047162,1860.027038765383,171.09967551987395,0.838,0.755,0.939,141.28957278460055,0.0,-353.5236951158433,1.0,1.0
86,17.66539526044664,6.146893116128291,18.413776677165664,12.266883561037375,1.5636528383493544,1.2599576259647356,4.886935490163556,0.38836557177804526,1031.4555677412457,3529.1109267377824,1009.289250233639,4560.566494479029,5569.855744712668,1726.4252725914096,3843.4304721212575,313.3175963558449,0.833,0.768,0.92,-546.8911324220716,1.0,-748.0623005015551,1.0,1.0
87,6.074145031551009,4.912271277613651,15.312375827074316,10.400104549460666,0.9119200735477297,1.4610290039134366,3.451242273700214,0.8167710509848826,1058.227740195725,2545.9316887566765,861.9717013227362,3604.1594289524014,4466.131130275137,2164.2803722915933,2301.850757983544,221.32957866302553,0.812,0.743,0.932,-754.6128444135991,1.0,-841.169577171063,1.0,1.0
88,78.97303893054064,5.136890703476911,14.098406328634887,8.961515625157976,1.6396471362677694,1.407683975056266,3.729206728420645,0.5174453507301264,922.0226989158232,1528.5364889675584,1222.4533942106966,2450.5591878833816,3673.0125820940784,2800.085587719531,872.9269943745476,97.40841068490124,0.791,0.721,0.925,1206.68662076613,0.0,130.52731657923445,0.0,1.0
89,41.371283392836204,5.599737419643914,16.82288562769017,11.223148208046256,1.3307602770155702,1.457057752419732,4.142679667224182,0.59423932431829,1180.6836478136468,3954.374938477605,1331.4128723174608,5135.058586291252,6466.471458608713,2823.9057527452564,3642.565705863456,324.55828243023444,0.826,0.757,0.934,-231.27174320015536,1.0,-748.4370351546288,1.0,1.0
90,104.43230457339394,3.9140786029539076,13.466133108355377,9.552054505401472,0.8829535657661073,1.0409219585473228,2.873156644406585,0.5422920655873827,769.7760474126082,2620.2299488748927,1182.3055671155573,3390.0059962875016,4572.311563403059,2472.200536272689,2100.111027130369,219.85961511660173,0.829,0.763,0.94,2166.979094867979,0.0,299.2952638328513,0.0,1.0
91,71.47404999689996,4.746035830944762,12.0312787016203,7.285242870675539,1.1005587736516782,1.3663726937440988,3.3796631372006622,0.7807418269158065,780.3543426026785,1559.4175302588885,1158.12717422567,2339.771872861567,3497.8990470872372,2571.3533674768646,926.5456796103721,127.18116555041578,0.753,0.665,0.935,1145.4522039381818,0.0,91.27063473012844,0.0,1.0
92,32.437201197233776,5.6076005116906416,17.68210774070488,12.074507229014237,1.3363848698424645,1.237012571438164,4.370587940252479,0.42562089893677024,1109.3862868522997,3064.4936968481093,929.3859640338746,4173.879983700409,5103.265947734284,1607.9462627188311,3495.3196850154527,289.4792821537621,0.846,0.763,0.936,-186.99901961523895,1.0,-591.9144694716691,1.0,1.0
93,42.64037820282459,5.252749402883739,14.620763854873429,9.368014451989689,1.4449562499984612,1.3770410630139782,3.875708339869761,0.56057683083855,1144.8155335397232,2485.770325175545,1052.7261506855075,3630.585858715268,4683.312009400775,1931.5887978931578,2751.7232115076185,293.7360126428045,0.79,0.724,0.926,123.12319060894916,0.0,-445.11760012039025,1.0,1.0
94,63.73386502505842,5.151157478129857,15.359309549059114,10.208152070929255,1.135985757507335,1.1864055460948708,3.9647519320349875,0.5643370219799423,1043.6961016633336,1996.6094282196193,1408.1405502625219,3040.3055298829527,4448.446080145474,2594.449543928542,1853.9965362169323,181.6192121095784,0.827,0.756,0.933,683.0090252383727,0.0,-183.0818622360678,1.0,1.0
95,17.231332370322935,5.799841690375366,16.290426548529766,10.4905848581544,1.4716492083524992,1.290952645975492,4.508889044399873,0.5392131413326781,815.0151315090721,2309.7686023306696,1217.7615391743348,3124.783733839742,4342.545273014077,2433.2036159282598,1909.3416570858167,182.00526309090128,0.808,0.73,0.919,-377.36008042351614,1.0,-585.3301131097946,1.0,1.0
96,88.87249741415565,5.422596178927804,15.185187329457174,9.762591150529373,1.2779897988553512,1.2731686909702564,4.149427487957547,0.6529849871272334,786.4720641353596,1767.270827454876,1079.3449503498252,2553.7428915902356,3633.087841940061,2418.341274464375,1214.7465674756859,124.42870430047833,0.787,0.716,0.915,1378.67067510596,0.0,231.4204256468582,0.0,1.0
97,52.33257618048001,4.965389705102264,14.724952448691461,9.759562743589196,1.3619997214718282,1.3748517583465925,3.5905379467556715,0.6375038951899048,970.8071966964492,4373.981935988714,1216.6310292564006,5344.789132685164,6561.4201619415635,2298.4980660376764,4262.922095903887,436.7943736725387,0.829,0.757,0.937,-3.99729740470654,1.0,-741.7602022718391,1.0,1.0
98,38.157029971409045,5.024853945851602,14.366730071452603,9.341876125601,1.4820594847474857,1.5171052688153859,3.507748677036216,0.720948090712005,815.5539658592047,1701.4129605463074,1054.054621998043,2516.966926405512,3571.0215484035552,2295.937977180788,1275.0835712227674,136.4911666649547,0.811,0.743,0.931,238.53572878712552,0.0,-293.0204371793976,1.0,1.0
99,45.99013339081512,4.227723536170993,11.914668774097867,7.6869452379268735,1.2907065656364676,1.2075273459640847,3.020196190206908,0.6145916099205776,726.393148077698,1934.0083388827597,1062.4866473986542,2660.401486960457,3722.888134359111,2340.6677483787894,1382.2203859803221,179.81400194716352,0.774,0.709,0.928,479.1889824772213,0.0,-282.28685902795763,1.0,1.0
100,93.15038716467726,6.175028045197832,17.21503323858673,11.040005193388897,1.5157978153524814,1.2813307356771537,4.89369730952068,0.5343786622860542,1090.6828210026722,3378.2503345436853,975.928947574563,4468.933155546358,5444.862103120921,1755.1816145662428,3689.680488554677,334.2100319630442,0.824,0.732,0.928,1003.8717633492364,0.0,-52.07924671917328,1.0,1.0
101,31.72735606975798,5.351182843530771,14.473938747155696,9.122755903624924,1.5459976227830916,1.5949216719583132,3.7562611715724583,0.9014661545801005,730.4635360871479,1704.4263294763052,1346.9470496716322,2434.889865563453,3781.8369152350856,2937.0712586822556,844.7656565528298,92.59983117789685,0.794,0.721,0.929,34.40035574699262,0.0,-380.6321688037241,1.0,1.0
102,64.4009160350878,5.443613656509134,15.55099691747138,10.107383260962246,1.4204707076144076,1.118658818650438,4.324954837858696,0.4334356601003153,926.4947432925635,1649.5215785543492,1062.1755107696997,2576.016321846913,3638.1918326166124,2255.5293004362734,1382.662532180339,136.79727942251853,0.813,0.738,0.925,810.4768174526604,0.0,-17.661328807165294,1.0,1.0
103,104.91177513071447,5.850574672920076,16.23067991197468,10.380105239054602,1.5019657474405157,1.4827645706911048,4.3678101022289715,0.646988327770493,1016.920963393033,4106.173984957504,996.3785324519364,5123.094948350537,6119.473480802473,1981.522388915063,4137.951091887411,398.642498952572,0.8,0.725,0.92,1195.5233120793273,0.0,-59.707954883485904,1.0,1.0
104,30.820569083275466,5.464704672824134,15.104793847708867,9.640089174884734,1.7486872658758448,1.5421960479410313,3.922508624883103,0.5984972598996922,1035.7760313126164,1479.2261190060037,999.8508808422272,2515.00215031862,3514.8530311608474,2180.718456013688,1334.1345751471592,138.39442259755978,0.822,0.742,0.944,61.79988205548438,0.0,-332.99543900883356,1.0,1.0
105,65.16095704974693,5.803873273377885,16.142352949227405,10.338479675849522,1.0128588440882427,1.435594617326967,4.368278656050918,0.7040022096897517,707.7636085874099,2288.5901474928705,1258.0775863320055,2996.353756080281,4254.4313424122865,2060.0424624361253,2194.3888799761608,212.25450441250163,0.798,0.717,0.917,670.3606549530462,0.0,-115.53985986429461,1.0,1.0
106,61.745917341591635,5.599247020339335,16.255489664649254,10.656242644309918,1.5819238263612188,1.2579314004885405,4.341315619850795,0.5025748533259021,764.0145305211424,1143.765486967495,1345.82861274147,1907.7800174886374,3253.6086302301073,2624.770840853291,628.8377893768167,59.01121158428157,0.817,0.737,0.925,797.3627563225947,0.0,25.434995641396355,0.0,1.0
107,83.27900045895572,5.016031523484824,14.104331744982748,9.088300221497924,1.2783284634436227,1.2617006549550052,3.7543308685298187,0.6664935387464588,717.9262741330526,2348.4150401788793,1898.151705741833,3066.341314311932,4964.493020053765,3356.600566883106,1607.8924531706587,176.91894127432857,0.79,0.729,0.915,1085.5956570090673,0.0,-76.5840471720796,1.0,1.0
108,55.010427807519136,5.140390783118122,14.236713481768456,9.096322698650335,1.421804372836712,1.2047896005168572,3.9356011826012653,0.5843043796848569,931.6246323876102,1441.5858268678537,1018.1252816915032,2373.210459255464,3391.3357409469672,1994.3760710608144,1396.9596698861528,153.57411078802497,0.802,0.722,0.938,677.9577432980631,0.0,-71.15455360604824,1.0,1.0
109,65.8881033276212,4.646960783784723,12.469544267789354,7.82258348400463,1.4173152165733578,1.3516073946941551,3.295353389090568,0.6654915319174609,677.7226410704238,2099.3945919227226,1193.4826787992897,2777.117232993147,3970.5999117924366,2603.4338424791968,1367.16606931324,174.77168151784866,0.804,0.725,0.94,917.893049376294,0.0,-74.61957285786612,1.0,1.0
110,84.24427447407834,5.888406024486492,17.078765471993343,11.190359447506854,1.7365279271500587,1.3575702684553728,4.530835756031118,0.4554977602035686,826.9309542452487,2866.9409748972507,1520.2396257857065,3693.8719291424995,5214.111554928206,2833.3308998655048,2380.780655062701,212.75283124110234,0.814,0.745,0.918,902.8628005989472,0.0,-98.61352230793834,1.0,1.0
111,59.11927636279118,4.576489745795739,12.693324734270968,8.116834988475228,1.5085327672591575,1.5982508821657042,2.978238863630035,0.8455827478529588,890.9524773978584,3293.663673703582,814.9802752432257,4184.61615110144,4999.596426344667,2196.6143791092477,2802.982047235418,345.3294358226157,0.804,0.74,0.952,522.3027367645974,0.0,-381.9600443761534,1.0,1.0
112,85.94995374659439,5.44321981248609,15.711141610700693,10.267921798214601,1.3339221821024803,1.4191368462272036,4.024082966258886,0.7059468648405507,725.9143691685764,1321.4863344823477,1091.1205699688558,2047.4007036509242,3138.5212736197805,2283.928901381244,854.5923722385359,83.22934173370247,0.804,0.741,0.934,1397.1919574622088,0.0,291.87250141884124,0.0,1.0
113,10.941000502766125,5.760338746130246,16.53612671236683,10.775787966236583,1.384638441132267,1.477579598176013,4.282759147954233,0.6120483215933517,838.1183476577306,3199.81083143624,1248.3853370135057,4037.92917909397,5286.314516107476,2558.8800526538416,2727.4344634536337,253.1076587623488,0.805,0.73,0.926,-680.2880222789428,1.0,-813.2437509169738,1.0,1.0
114,37.348531308842354,4.563621583013059,12.265719461972521,7.702097878959463,1.4656160621411065,1.3363977797080613,3.227223803304998,0.7170079112176886,944.8036634525182,1811.3580895679304,1241.4203227330163,2756.1617530204485,3997.582075753465,2694.3235722420477,1303.2585035114168,169.2082500109028,0.783,0.717,0.925,147.02891675975096,0.0,-425.84881730794774,1.0,1.0
115,62.54172381777241,6.186603769885338,17.467697533928085,11.28109376404275,1.1804640845278327,1.372493195414745,4.814110574470593,0.7442759676104124,1200.4431046632608,1860.173242588824,1325.0961751924021,3060.616347252084,4385.712522444486,2683.2957239475304,1702.4167984969565,150.9088421836563,0.818,0.738,0.923,554.7474967579301,0.0,-152.89773640773106,1.0,1.0
116,93.6981658229258,5.296372224412092,16.335298134820437,11.038925910408343,1.2288054566447268,1.1041397701544948,4.1922324542575975,0.4320059763481923,833.7782946598435,1683.8424081913959,1091.194190312032,2517.6207028512395,3608.8148931632713,2321.5314964622926,1287.2833967009788,116.61310232069133,0.823,0.754,0.929,1530.0011954129513,0.0,291.63060329829824,0.0,1.0
117,68.42317529116927,5.746559364992965,14.947399495634352,9.200840130641387,1.7878396656645021,1.5552293341730656,4.191330030819898,0.7915042801988095,608.9809326065248,2220.5169493479257,1364.691434493177,2829.4978819544513,4194.189316447628,2549.410290093283,1644.7790263543443,178.76400448223933,0.784,0.705,0.916,758.4899620981932,0.0,-74.98655248536623,1.0,1.0
118,93.43600173986071,5.875656544296537,17.840091480279007,11.964434935982474,1.5990020715262392,1.6179667262694386,4.257689818027099,0.6196546307392693,1053.8525190964638,2226.1742616647102,1013.5115174152382,3280.026780761173,4293.538298176411,2220.7692476851566,2072.769050491255,173.24420765225605,0.834,0.777,0.936,1257.0445300237443,0.0,143.8889069063427,0.0,1.0
119,93.381336740002,5.728903935389361,17.062929055379637,11.334025119990274,1.354936859287599,1.5899061745482284,4.138997760841133,0.8590972765476392,878.087063758197,2721.956126036048,1127.9268784246044,3600.043189794245,4727.9700682188495,2376.167707754189,2351.80236046466,207.49930722464097,0.823,0.754,0.917,1212.220889476201,0.0,71.21841404267329,0.0,1.0
120,108.03598738746943,5.258687083922527,16.1231121218632,10.864425037940675,0.9763146635699813,1.1126485519782827,4.146038531944243,0.5270411829411037,886.2468401674172,2741.206532210572,1346.7634370931041,3627.4533723779887,4974.216809471093,2360.204283880827,2614.0125255902663,240.6029326413159,0.813,0.748,0.921,1622.1314327757514,0.0,184.03120044896426,0.0,1.0
121,57.30137972100582,5.273255685029059,14.87883112679025,9.60557544176119,1.3583258376699372,1.1698860764423626,4.1033696085866955,0.5471322238308756,754.1535675360244,2754.0438760996294,1165.8281227038221,3508.1974436356536,4674.025566339476,2232.9709327137666,2441.0546336257094,254.1289325585829,0.797,0.724,0.933,471.9374609222154,0.0,-288.7115233206763,1.0,1.0
122,34.70113360139764,5.2142032806435905,15.121639628134625,9.907436347491036,1.3944992237634253,1.4259660646095904,3.788237216034,0.6757882382023954,1308.2017718435857,3066.3522281511327,1075.7976998584747,4374.55399999472,5450.351699853193,2128.628530529964,3321.7231693232297,335.27575175029256,0.814,0.74,0.924,-213.39981197302805,1.0,-679.2580114634807,1.0,1.0
123,61.46874032573838,5.526253572962329,15.910235153686633,10.383981580724306,1.105233982224614,1.4224804330292946,4.1037731399330335,0.6542478315311111,935.4490366066182,1188.1641569498772,1335.8498122249375,2123.6131935564954,3459.4630057814325,2389.6902314563904,1069.7727743250427,103.02144375052173,0.804,0.732,0.919,764.3749023032134,0.0,-14.237907621680838,1.0,1.0
124,72.38309909941754,5.707517016713182,15.315770181169635,9.608253164456453,1.9182422360741056,1.748470787276439,3.959046229436743,0.7190139911107933,1018.7387650698197,3106.4108275466906,1228.8612103615167,4125.149592616511,5354.010802978027,2618.5216605628293,2735.489142415198,284.70202601806096,0.814,0.731,0.933,647.1950190656422,0.0,-240.54949787967604,1.0,1.0
125,39.06841513793805,5.5251401469467645,13.463924470894266,7.938784323947502,1.8065509091037413,1.849623015549908,3.675517131396856,0.9359178528926336,791.6619034338761,1267.9545189790517,1086.2681659671105,2059.616422412928,3145.8845883800377,2317.2557775615837,828.6288108184547,104.3772921653608,0.769,0.693,0.926,314.50194160639836,0.0,-180.46994814139916,1.0,1.0
126,37.117905925206806,5.15340276871654,13.844841189382514,8.691438420665975,1.3327639058967231,1.129786867414014,4.023615901302526,0.5076042481230896,831.2233756638669,1697.081283129241,1345.8967407835628,2528.304658793108,3874.2013995766706,2768.275496044235,1105.9259035324362,127.24313859289767,0.787,0.711,0.92,148.54977874450856,0.0,-355.63231828408715,1.0,1.0
127,130.39234849487727,5.816129929784212,16.97073856049638,11.154608630712163,1.229383372708666,1.3841485393167678,4.4319813904674445,0.6179953964850138,885.5592623294044,2112.9069961013865,1100.9134844792559,2998.4662584307907,4099.379742910047,2250.4122151582596,1848.9675277517872,165.758171260352,0.823,0.737,0.945,2097.5569607679377,0.0,528.2205627105353,0.0,1.0
128,105.62250511434029,6.052582732379309,17.033483608895672,10.980900876516365,1.4565505820879434,1.4681909872295695,4.58439174514974,0.5868845121925245,1016.6432579352338,2917.9554464093353,1176.1250839567626,3934.5987043445693,5110.723788301332,2549.3214681137697,2561.402320187562,233.2597615615809,0.802,0.734,0.928,1336.9646824819445,0.0,115.40759108513544,0.0,1.0
129,71.17000805710694,5.89712843845866,17.05486795338101,11.15773951492235,1.4886578980130134,1.463679258921602,4.433449179537058,0.7879873488151629,1055.9355830528696,2310.1674532604593,1051.8648132291078,3366.103036313329,4417.967849542437,2437.1506554583834,1980.8171940840532,177.5285389513629,0.81,0.739,0.929,759.4006480154645,0.0,-85.40044729519,1.0,1.0
130,40.157820450597306,5.262918058492016,15.209873732313207,9.946955673821192,1.4875770241323985,1.4926907384748134,3.770227320017203,0.698715433652517,1115.5214706057116,1439.4485992136085,1117.5278192779542,2554.9700698193196,3672.497889097274,2304.8146889734026,1367.6832001238713,137.4976671227556,0.82,0.747,0.929,255.9853017383689,0.0,-278.1380496609613,1.0,1.0
131,16.373234560965084,5.068707743736091,17.013167977206468,11.944460233470375,1.014104232995197,1.2610365562266899,3.8076711875094014,0.5890196825132241,1064.3323135902644,2300.888863452287,1302.2953677955998,3365.2211770425515,4667.516544838151,3089.2559717721,1578.260573066051,132.1332686632001,0.851,0.79,0.947,-517.0671416114644,1.0,-743.1852129648461,1.0,1.0
132,79.37624773069484,5.157501499431986,15.991498091238359,10.833996591806372,1.2441317323111738,1.1974432833041178,3.9600582161278695,0.5155837108656924,1112.5638323109313,2106.147875245574,1085.7408795169447,3218.7117075565047,4304.45258707345,2088.4771305080862,2215.9754565653634,204.53905793558033,0.824,0.757,0.928,1089.205379752597,0.0,11.874167777074076,0.0,1.0
133,54.09865223946257,5.598960120820293,15.332353491307321,9.733393370487029,1.0338709959627053,1.438680956990887,4.160279163829406,0.734064512795701,1039.2403490422328,2717.198228337937,1056.7851614002507,3756.4385773801696,4813.223738780421,2199.812234917581,2613.41150386284,268.49952574474787,0.788,0.717,0.91,348.1196059790545,0.0,-328.2391419035017,1.0,1.0
134,88.11854681342278,5.213097573902307,15.011658787448164,9.798561213545858,1.1104262123439597,1.472881824301155,3.7402157496011523,0.7742063637122318,877.5869742422849,1907.6386641984752,1138.2162747381255,2785.2256384407597,3923.4419131788864,2676.1723705753507,1247.2695426035357,127.2910905408509,0.799,0.721,0.938,1360.299963307737,0.0,177.06903591838758,0.0,1.0
135,52.340311257627725,5.598894682903393,14.689442989878215,9.09054830697482,1.319410116545584,1.5787624961949092,4.020132186708484,0.8394840042788974,797.6289095611041,1607.0526259197907,1131.0860664084908,2404.681535480895,3535.767601889386,2164.264159172344,1371.5034427170424,150.87136621503257,0.791,0.711,0.933,537.0294452037938,0.0,-117.35360636916596,1.0,1.0
136,35.59100007319429,4.953356728376258,14.502282479583759,9.5489257512075,1.0480858335827241,1.2523090451320635,3.7010476832441945,0.5376469663043817,889.9429808569288,2854.641653969902,965.3806764339986,3744.5846348268306,4709.9653112608285,2023.3341374434008,2686.6311738174286,281.35428464062494,0.795,0.726,0.927,-52.709771661676754,1.0,-555.675768609021,1.0,1.0
137,135.2915164212659,6.011693459706306,16.818318727277095,10.806625267570793,1.480833902403298,1.5516836498141993,4.460009809892107,0.7134485760788353,943.297546426763,3474.5937604778146,804.0128761928668,4417.8913069045775,5221.904183097445,1540.3033302323636,3681.6008528650814,340.67997748687213,0.82,0.738,0.937,1944.4663051951204,0.0,369.135458244172,0.0,1.0
138,88.1852361452168,5.33947848597938,15.582822300138963,10.243343814159584,1.4061655738398338,1.1978700120239134,4.141608473955467,0.5233480741104531,889.0265553571065,1397.4409088006958,1221.4107714021445,2286.467464157802,3507.878235559947,2695.045629115685,812.8326064442617,79.35227218680942,0.827,0.741,0.944,1407.4925673595415,0.0,251.39341902990498,0.0,1.0
139,54.08846791806597,4.285610089859271,12.603654651739543,8.318044561880273,1.5708237809927978,1.220354011033966,3.065256078825306,0.5679559177771525,869.3619506002625,2145.9818823268765,1167.5907108911526,3015.3438329271385,4182.934543818292,2567.012544409409,1615.9219994088821,194.26705247700755,0.814,0.75,0.93,601.5768798100376,0.0,-281.88957534499673,1.0,1.0
140,85.45109863660267,5.650318763876484,16.728274543453633,11.07795577957715,1.4099023854536843,1.2821149872439195,4.368203776632564,0.6213727789720157,802.4970497348195,1841.348954522277,1282.7700697122034,2643.8460042570964,3926.6160739693,2629.174274030929,1297.4417999383709,117.11924345557324,0.826,0.743,0.923,1195.4672891714558,0.0,136.84083736779922,0.0,1.0
141,39.472293674626115,5.208663693840597,12.904821591901433,7.696157898060834,1.6511510524241937,1.5584230270440922,3.650240666796506,0.7434995880852823,827.3151176832879,1930.426785702012,795.816446518801,2757.7419033853002,3553.5583499041013,1980.9504237861597,1572.6079261179418,204.33675438418237,0.77,0.696,0.926,265.0350340446478,0.0,-265.4389453929633,1.0,1.0
142,34.38213007333641,5.462640195476975,14.344066668015858,8.881426472538884,1.7018202812905427,1.5530112672521559,3.9096289282248184,0.7686367075912233,954.1388041048795,2614.116679151049,939.7567890834652,3568.255483255928,4508.012272339393,2271.026667014917,2236.9856053244757,251.87233292322705,0.784,0.713,0.92,-38.487984866077035,1.0,-479.07147911237917,1.0,1.0
143,23.71632394581552,5.559526378151086,15.355362845836478,9.795836467685392,1.5233362342756673,1.2244351229684594,4.335091255182627,0.5793755603464815,963.4855351620631,1563.0897773842642,976.5434928056561,2526.575312546327,3503.118805351983,1937.266491141538,1565.8523142104455,159.84876017233398,0.82,0.743,0.928,-96.87485506708867,1.0,-395.48710425641525,1.0,1.0
144,28.912460847777492,5.262307403499102,14.560800282516945,9.298492879017845,1.618587802846846,1.699346804908259,3.562960598590843,0.7664262456571648,643.1945539804063,1360.9838962562405,1121.3535689783357,2004.178450236647,3125.5320192149825,2557.3548365898832,568.1771826250996,61.10422301953878,0.805,0.738,0.931,92.83486297899766,0.0,-291.7630147502048,1.0,1.0
145,45.928993015063746,5.443965070457332,13.670311287284242,8.22634621682691,2.1157711376701727,1.5416782767903028,3.90228679366703,0.609317713936376,1063.8150069817957,1894.158688851237,1237.5591997477609,2957.9736958330327,4195.532895580793,2967.1304588857874,1228.4024366950057,149.32539967529215,0.805,0.724,0.922,283.9091014175693,0.0,-306.65852152722243,1.0,1.0
146,76.69672531866689,6.120711281623525,16.915193495482242,10.79448221385872,1.4692304123012692,1.3817826698416642,4.738928611781861,0.6768257914676191,948.2025888997701,3589.7613685649717,1200.1596536630736,4537.963957464742,5738.123611127815,2442.0880397283463,3296.035571399468,305.34448119871695,0.827,0.738,0.92,628.8430995367264,0.0,-248.30508231357166,1.0,1.0
147,19.732939932654222,5.427177385361065,14.46326175986328,9.036084374502218,1.3792054152367008,1.6020595153808126,3.8251178699802524,0.8003596900663886,961.9512601349221,3031.82958108141,1132.3771695803132,3993.780841216332,5126.158010796646,2611.512499527708,2514.6455112689378,278.28929069815877,0.808,0.719,0.938,-490.04120012523435,1.0,-744.5576268430426,1.0,1.0
148,18.00039478481033,5.867929909751434,18.257820580246,12.389890670494566,1.3712132567224486,1.3555605415570262,4.512369368194408,0.5679535920271394,1175.903311143571,1329.389161731219,1437.8489477513358,2505.2924728747903,3943.1414206261256,2132.953007733444,1810.1884128926822,146.10204892311816,0.837,0.768,0.923,-288.533111091055,1.0,-503.2643117556685,1.0,1.0
149,102.09000631680296,5.001446733813678,15.717162751925903,10.715716018112225,0.9590698998717421,0.8898915645242164,4.111555169289462,0.4164619804409443,839.81151216797,1318.8112822283097,1319.0818605321479,2158.62279439628,3477.7046549284278,2398.561652062988,1079.1430028654395,100.70656977484467,0.825,0.752,0.925,1856.1721495318413,0.0,427.3254932510404,0.0,1.0
150,72.41296361354826,4.799324327942702,13.385090543498356,8.585766215555653,1.3043606406734316,1.2324718431470658,3.566852484795636,0.5840675246228989,1203.643045310777,1404.482840181466,1335.9159366231556,2608.125885492243,3944.041822115399,2619.7934112554713,1324.2484108599276,154.2376507364783,0.803,0.715,0.944,1064.2286873259864,0.0,8.05762936349247,0.0,1.0
151,12.408474600976367,5.364478402832405,14.519468524530994,9.154990121698589,1.255346979180836,1.2844782671859256,4.080000135646479,0.585947036562849,659.0033599490849,1726.0274278590343,1367.4659372432413,2385.0307878081194,3752.49672505136,2719.7114807159164,1032.785244335444,112.81118063553129,0.791,0.71,0.921,-410.37305672942426,1.0,-572.2887467263745,1.0,1.0
152,62.215366003540296,5.341139498408877,15.369532369456724,10.02839287104785,1.1171696953104673,1.3593064882929253,3.981833010115951,0.6288965168019742,894.4430593321943,1709.4788952124886,1287.2456698108736,2603.921954544683,3891.167624355557,2402.682639577109,1488.4849847784478,148.42707140799507,0.819,0.743,0.935,727.51388111929,0.0,-87.86935714759967,1.0,1.0
153,49.774233069284136,5.6545090992774565,16.55006247710481,10.895553377827355,1.3574625632040624,1.4349050497621707,4.2196040495152864,0.6746005796781657,1222.3964468940924,2513.1955038202796,1369.6673200470989,3735.591950714372,5105.259270761471,2403.23029399917,2702.028976762301,247.99373497274385,0.83,0.748,0.928,197.456550744912,0.0,-418.7236080764977,1.0,1.0
154,33.256576462429905,6.573236974644684,18.68563453763051,12.112397562985825,1.6856827109633443,1.5124147629369626,5.0608222117077215,0.406179728176556,1047.2939101608313,2262.1938166750047,1239.7296282708548,3309.487726835836,4549.217355106691,1676.1449540635422,2873.0724010431486,237.20096587837793,0.829,0.745,0.918,-59.65786701675245,1.0,-413.8152420436784,1.0,1.0
155,47.22663934726489,5.318036499102431,14.94622310398231,9.62818660487988,1.4025954018525473,1.540800451023148,3.777236048079283,0.758086243842509,1113.2982413844773,2656.589018936253,948.5731603840231,3769.8872603207305,4718.460420704754,2236.5635724603253,2481.896848244429,257.774070039993,0.821,0.733,0.949,222.8020619834666,0.0,-398.83051892614185,1.0,1.0
156,41.474856133451645,5.573593014950146,16.837270522627893,11.263677507677745,1.173920846828026,1.161453123735649,4.412139891214497,0.5847362135168722,700.5793377166191,2106.6815352040467,1011.8781257121614,2807.2608729206663,3819.138998632827,1811.389638052985,2007.7493605798427,178.2498974434669,0.832,0.748,0.916,244.94397319407426,0.0,-275.9480118421858,1.0,1.0
157,40.807572900470305,6.71674195072755,18.179369336262564,11.462627385535011,1.828488327369676,1.2934008397742682,5.423341110953283,0.4598148959625567,1034.9114625219916,2746.9672368160664,1302.4473720710841,3781.8786993380586,5084.326071409143,1991.179752989966,3093.146318419176,269.8461892185816,0.829,0.747,0.932,2.47449452004696,0.0,-422.81058029565366,1.0,1.0
158,69.02259922219275,5.791167257950572,14.570751786013124,8.779584528062555,1.910510762873539,1.6122336119482596,4.178933646002314,0.675853441885389,877.5887125041739,2010.7451672289712,1104.3244655409433,2888.3338797331453,3992.6583452740883,2152.21004779749,1840.4482974765986,209.6281767769188,0.799,0.726,0.928,800.3855442331567,0.0,-33.91637286659822,1.0,1.0
159,35.599555180258754,4.850549502888516,14.030715843629444,9.180166340740925,0.9904601420507804,1.1261868285884202,3.7243626743000955,0.6230893628029198,955.254810374402,1884.3981746956194,970.0694655704433,2839.6529850700217,3809.722450640465,2157.721405354412,1652.0010452860524,179.95328014423762,0.783,0.722,0.917,131.9895707714404,0.0,-381.76023451023707,1.0,1.0
160,68.62111002220307,4.88417499802341,14.609526039640945,9.725351041617534,1.1937736095228355,1.2903675997675264,3.5938073982558847,0.6396066932999117,924.2484965490739,3638.9952390468934,1135.9219864814727,4563.243735595967,5699.1657220774405,2582.8052747600373,3116.3604473174028,320.43680829428297,0.832,0.75,0.938,589.3468255872976,0.0,-394.1309784426862,1.0,1.0
161,17.301371221506976,5.425754512196008,15.065560592904585,9.63980608070858,1.5078599521576432,1.462908365315566,3.9628461468804415,0.6838051771577616,1184.8956527725354,918.1041860293154,1040.33330732656,2102.999838801851,3143.333146128411,2428.8597299545104,714.4734161739005,74.11699054856741,0.797,0.725,0.94,-180.74200394354523,1.0,-403.95445905613605,1.0,1.0
162,61.20649607892944,5.670685384187591,16.28327749285604,10.61259210866845,1.518174189064571,1.3313422162687998,4.33934316791879,0.49926035709081773,984.4588004176908,1709.5770422185738,1071.4215314800388,2694.0358426362645,3765.457374116303,2262.6070586497412,1502.8503154665623,141.6101080752008,0.806,0.734,0.923,685.1649090926443,0.0,-70.37951547939045,1.0,1.0
163,68.33132699973731,5.270343738750442,13.91746847086859,8.647124732118147,1.8135316643503503,1.4947191743768808,3.7756245643735613,0.6929875234407284,758.5000437278153,2258.5816672551587,1548.9314181665154,3017.0817109829736,4566.013129149489,3244.413093171283,1321.6000359782063,152.83693446324037,0.792,0.702,0.926,754.2966726417379,0.0,-153.2708650907574,1.0,1.0
164,44.59643606540108,4.715315276490897,11.917239010896662,7.201923734405764,1.3491968761718844,1.443021416263662,3.272293860227236,0.841693677081958,738.0964935029361,2414.479081688878,1058.94212819963,3152.5755751918146,4211.517703391444,2225.84318185697,1985.674521534474,275.7144611304765,0.766,0.7,0.927,289.0658895237336,0.0,-372.97903038695785,1.0,1.0
165,59.96768672319399,5.335295534299293,16.232401199980544,10.89710566568125,1.4221992247924422,1.6084993393904405,3.726796194908852,0.6981527620603784,882.9083923014095,1413.7119486037823,1357.7530979577475,2296.620340905192,3654.3734388629396,2706.0581410399823,948.3152978229567,87.02451154617405,0.826,0.756,0.955,720.0327286163804,0.0,-66.75369092446057,1.0,1.0
166,53.13377196586558,5.386717107538595,15.893931298637112,10.507214191098516,1.1777744573225895,1.2626370173775627,4.124080090161032,0.5860320391464086,798.2069256183541,1886.4395534874438,1251.3582786370564,2684.646479105798,3936.004757742855,2618.816776287252,1317.1879814556023,125.36034361719736,0.802,0.738,0.92,502.29419588486456,0.0,-188.17533562356016,1.0,1.0
167,130.24486768909085,5.3043262433295295,14.901825950562898,9.597499707233368,1.2496034539024083,1.2176626958054075,4.086663547524123,0.5646869115301584,843.3783097626085,1754.4603661880988,1063.651342846293,2597.8386759507075,3661.490018797001,2310.2640280363626,1351.2259907606376,140.7893755643729,0.796,0.72,0.922,2379.02381253577,0.0,660.2115977513483,0.0,1.0
168,28.83287659926656,5.3660481605881145,15.518757330113559,10.152709169525442,1.0638548396581908,1.3254663631510368,4.040581797437077,0.6880721130444412,811.84407008031,2327.3003025984076,1143.3710068991104,3139.144372678717,4282.515379577828,2536.3006479623027,1746.2147316155244,171.9949525252821,0.825,0.754,0.933,-126.42558999976538,1.0,-502.5499372936322,1.0,1.0
169,82.12623872061842,5.799816266784859,16.750809541428552,10.950993274643695,1.3767245202987288,1.6218663251479797,4.177949941636878,0.8085547348589166,1077.3411026199394,2080.0101955467194,1124.8365139609268,3157.3512981666586,4282.187812127586,2108.766643114374,2173.4211690132115,198.46794847784497,0.813,0.74,0.925,1031.6864798316678,0.0,40.47633695757812,0.0,1.0
170,75.02353332412467,5.44582498657631,15.271648967423895,9.825823980847584,1.5272210851125765,1.4103798073509892,4.03544517922532,0.5803408131458748,845.7862144041845,2609.067226641994,971.7469796075118,3454.8534410461784,4426.60042065369,2175.236295716681,2251.364124937009,229.12725989447293,0.832,0.748,0.919,909.1994797972218,0.0,-55.144278151992225,1.0,1.0
171,49.028690675852715,5.723886667089865,18.068665402055746,12.344778734965884,1.2174196881549388,1.208174015979665,4.515712651110199,0.5193476884146301,855.9334316569748,2075.573482463438,1404.907042950558,2931.5069141204126,4336.413957070971,2656.3753782105714,1680.038578860399,136.09304912868024,0.828,0.755,0.93,313.1040989534116,0.0,-286.4899438571163,1.0,1.0
172,74.70331800263185,4.790236414591119,13.375325552323215,8.585089137732094,1.496367278574723,1.2994802158896315,3.4907561987014883,0.6786302902050027,841.1505524031294,1169.9624823784334,1012.8116351546776,2011.1130347815629,3023.92466993624,2412.2990251440924,611.6256447921478,71.24278326989156,0.802,0.724,0.937,1318.0957125957812,0.0,226.45183375591355,0.0,1.0
173,61.125585740332106,5.460266643212301,16.57393109645446,11.11366445324216,1.0811399768263756,1.2575741700314023,4.2026924731809,0.5636500587319715,965.1165578836114,2073.969068107732,1006.6938175960663,3039.085625991343,4045.7794435874093,2104.5811706110885,1941.1982729763201,174.66770579077718,0.815,0.746,0.935,658.377879480112,0.0,-125.24520734152611,1.0,1.0
174,78.37597187594308,5.000900900267785,12.488781412225137,7.487880511957352,1.7446585292194268,1.5237454337104719,3.477155466557313,0.7675843150987794,753.9998910970422,714.1228811351726,993.4687037434331,1468.1227722322149,2461.591475975648,2236.8449114090913,224.74656456655677,30.0147103319371,0.789,0.715,0.92,1466.816710589975,0.0,369.75077372603147,0.0,1.0
175,56.393954960802446,5.932866753529749,16.540866866112744,10.608000112582994,1.4183802653697253,1.4979010472494474,4.434965706280301,0.6645259017127622,1104.1604232891443,1232.197505696187,982.294602340134,2336.357928985331,3318.652531325465,1963.8016232879,1354.8509080375652,127.7197297943529,0.826,0.748,0.938,628.8008805448617,0.0,-36.57338307020561,1.0,1.0
176,24.841553198511654,4.888212681527587,14.889928966474923,10.001716284947335,1.1364878880150577,1.2041032381007934,3.6841094434267934,0.5882798298672386,1097.5737243845592,2164.561914907286,1335.8620257990754,3262.135639291845,4597.99766509092,2665.435700009299,1932.5619650816213,193.22303392970093,0.822,0.751,0.935,-305.38841342117223,1.0,-661.1234923114793,1.0,1.0
177,56.074231975401105,5.936307757189669,16.03301851698862,10.096710759798952,1.4140543157627117,1.6092901798030674,4.327017577386601,0.7130640706532202,845.4260877807499,2892.301113631235,1196.6400326173205,3737.727201411985,4934.367234029306,2062.920296285142,2871.4469377441633,284.39429493980475,0.804,0.727,0.915,349.52900822617124,0.0,-311.6894458750561,1.0,1.0
178,35.14281019323714,5.333664931687638,15.500547567758739,10.166882636071099,1.6609572180231833,1.5052595095191454,3.8284054221684927,0.5413796813293051,1145.4936532740196,3228.6437388649265,1181.8792939282262,4374.137392138947,5556.016686067173,2373.7026184269,3182.3140676402727,313.0078492644083,0.822,0.753,0.929,-218.07995567964772,1.0,-679.3006632107123,1.0,1.0
179,47.36285270479099,4.703635470580202,13.066716164816858,8.363080694236656,1.2737148439211965,1.1988974959118077,3.504737974668393,0.5795949794859759,804.546033644908,2358.100920205982,1052.0044748935854,3162.6469538508904,4214.651428744476,2242.3136490181487,1972.3377797263272,235.8386642240038,0.789,0.708,0.937,362.6354912116512,0.0,-342.22348650296516,1.0,1.0
180,83.84377665539459,5.370032344074823,15.738863440704714,10.368831096629888,1.3580170282819222,1.331833162669532,4.038199181405291,0.6103502039555195,915.4155784734262,1063.1064786727404,1211.1369924832052,1978.5220571461668,3189.6590496293716,2273.689087879576,915.9699617497956,88.3387870063297,0.837,0.756,0.943,1357.6851246230347,0.0,264.7560713458378,0.0,1.0
181,14.253117249592176,5.627569646020595,16.245517398174346,10.617947752153752,1.6309542563929948,1.665909837437072,3.961659808583523,0.7193417499612541,772.7390108856142,1402.6624429131623,943.8411532580839,2175.4014537987764,3119.24260705686,2078.676029655686,1040.5665774011748,98.00072496967275,0.814,0.744,0.939,-237.68749833308465,1.0,-414.97863291317213,1.0,1.0
182,68.06691919431944,4.560265225562942,12.213267870746964,7.653002645184024,1.5091143530851046,1.6088195310392817,2.95144569452366,0.7998565373589974,1087.8080882299791,1954.9822055637849,1126.0194305340908,3042.790293793764,4168.809724327854,2592.2461787401267,1576.563545587728,206.00588013383836,0.782,0.71,0.93,951.601488140721,0.0,-93.22465856967892,1.0,1.0
183,29.214777574320383,5.556619158046207,16.172290093903086,10.61567093585688,1.597118241412571,1.1704768667447694,4.386142291301438,0.45899654706610077,972.6939995315851,3027.349702627677,884.5335547528013,4000.0437021592625,4884.577256912064,2119.8183863066165,2764.7588706054466,260.44127472591816,0.838,0.759,0.94,-221.84893818698615,1.0,-589.8846757525407,1.0,1.0
184,48.87770531192608,6.050084589706268,16.322440310922175,10.272355721215906,1.3619336173819274,1.2731430022426395,4.776941587463628,0.4817337902220073,770.1435247988403,1560.44383720129,1419.920135201107,2330.5873620001307,3750.507497201238,2529.7003760289176,1220.807121172319,118.84392969870946,0.807,0.727,0.913,389.94589774885475,0.0,-175.57336418942126,1.0,1.0
185,13.233657257976873,5.183690582741243,15.325536275397504,10.141845692656261,1.274775766900377,1.4109505408378753,3.7727400419033676,0.6083836714134552,874.2114971407743,1289.8531900797136,1307.6005363258723,2164.064687220488,3471.6652235463607,2837.1591565799818,634.5060669663785,62.56317500726974,0.803,0.742,0.925,-350.6108316631318,1.0,-529.3167156799407,1.0,1.0
186,52.91653006394904,5.048022203022633,16.67570547410396,11.62768327108133,1.0676400602747589,1.2615415654166064,3.786480637606026,0.5725513623873444,1026.0123216709276,2680.2129296772646,1072.9659071305562,3706.2252513481926,4779.191158478749,2532.378456574006,2246.812701904742,193.2296098477919,0.853,0.776,0.945,363.58300849308927,0.0,-370.20082911730657,1.0,1.0
187,36.0959001184047,5.350391946242112,16.8854453915423,11.535053445300186,0.9376653083348254,1.1744467319504528,4.1759452142916595,0.45257692428948315,812.4065498408455,1312.332922038066,998.2643854699484,2124.7394718789114,3123.00385734886,2046.5875071567016,1076.4163501921585,93.31697987326889,0.824,0.753,0.927,259.6040946920329,0.0,-212.64411322906804,1.0,1.0
188,73.23574851571118,5.150450746538782,14.467028084006147,9.316577337467367,1.2964997995213694,1.3535316215156914,3.7969191250230905,0.665833464309387,744.6740731736733,2335.1589182338225,1132.1373599636215,3079.8329914074957,4211.9703513711165,2489.708990940175,1722.261360430942,184.85987912156637,0.795,0.714,0.943,959.624401109796,0.0,-35.72584071999071,1.0,1.0
189,72.55112655105387,5.378907046239477,14.948563917981872,9.569656871742396,1.7042713324342527,1.4917010288614978,3.8872060173779786,0.7396560859992876,1198.758450143787,2241.186403882318,1310.7837973828248,3439.944854026105,4750.728651408929,2404.1885096099163,2346.5401417990142,245.2062987470279,0.809,0.744,0.923,802.7954620431179,0.0,-141.37011191383056,1.0,1.0
190,93.3556159223372,4.748011813831063,12.79339683778735,8.045385023956289,1.260630889757384,1.4249925998510662,3.3230192139799963,0.7345022354329315,1565.7816032840763,1743.8936540178743,976.5469038128715,3309.6752573019508,4286.2221611148225,2288.1321973571667,1998.089963757656,248.35231102154296,0.787,0.712,0.94,1555.0150502300385,0.0,178.67198900864145,0.0,1.0
191,46.12450772777313,5.314183312491047,14.16439524708997,8.850211934598923,1.0101161327673218,1.4067832625673449,3.907400049923703,0.8086712120795368,1009.6276977461283,1981.3943944089144,1197.1697431039,2991.022092155043,4188.191835258943,2625.9638969888856,1562.2279382700572,176.51870371179476,0.758,0.687,0.923,296.82296186604407,0.0,-310.7427450517031,1.0,1.0
192,39.119426732381584,5.692928091928595,16.13250097109357,10.439572879164977,1.6624790742275095,1.3257101992121405,4.367217892716454,0.4582428150357686,1122.7869815438432,2351.4233940678846,1112.386379811835,3474.210375611728,4586.596755423562,2277.1493254644047,2309.4474299591584,221.2204902145271,0.823,0.747,0.931,53.2821741687195,0.0,-427.7286215146378,1.0,1.0
193,58.83189766284593,5.500482274887644,14.037912082219707,8.537429807332062,1.5175012255632163,1.4709049605944062,4.029577314293238,0.6619320355144865,1040.3095850039863,2040.5926202569697,1420.1480121802097,3080.9022052609557,4501.050217441166,3060.960870294179,1440.089347146986,168.67949484166974,0.794,0.712,0.934,518.6703361339078,0.0,-230.03361937212773,1.0,1.0
194,46.402434803808106,5.936907263136195,15.482549344093469,9.545642080957274,2.0433247404720816,1.4549918414188634,4.481915421717332,0.5818754542633858,966.9720421104049,2571.8799217397445,1411.3035496938737,3538.851963850149,4950.155513544023,2543.1629481823175,2406.9925653617056,252.15617188952083,0.805,0.738,0.917,143.1972573010844,0.0,-403.91764483580846,1.0,1.0
195,109.11374694119326,4.931908329297947,15.391681626800052,10.459773297502107,0.9728023250902679,1.2517013098652734,3.680207019432674,0.7245199762108316,1021.3568658947872,2214.5449996566754,1099.6184949884432,3235.901865551463,4335.520360539906,2267.8482254868854,2067.6721350530206,197.6784846328171,0.823,0.742,0.933,1886.429630461851,0.0,337.74669154542863,0.0,1.0
196,65.98534569006925,4.845471366920159,12.638529741656273,7.793058374736113,1.2915163698624528,1.56461292969837,3.2808584372217893,0.8642244626184502,681.4227237389823,1554.1959493032844,1304.5467647603373,2235.6186730422664,3540.165437802604,2892.234235067019,647.931202735585,83.14209538530822,0.75,0.677,0.935,971.6294694459245,0.0,18.373563356291655,0.0,1.0
197,75.34961518443878,6.05824982315173,16.151847039570804,10.093597216419074,1.7929250415565126,1.384386620572382,4.673863202579348,0.561646867119558,1325.5446474681228,2039.0095459905383,1232.5715123367188,3364.5541934586613,4597.125705795379,2419.3662940434538,2177.759411751926,215.7565202036598,0.818,0.719,0.932,795.8694892101862,0.0,-74.75704764113408,1.0,1.0
198,35.184745772951544,5.278711208874763,15.767733016584323,10.489021807709559,1.1429986566868913,1.671023983661003,3.60768722521376,0.9653538736164602,834.131108715167,3714.905147538549,1381.9827421247312,4549.036256253716,5931.018998378448,2786.5567769215454,3144.4622214569017,299.78603144343583,0.809,0.753,0.936,-290.39773461792976,1.0,-756.9760539557703,1.0,1.0
199,23.762518329598443,5.653796900035496,14.95834346232204,9.304546562286545,1.2916673757498793,1.5702650535753613,4.083531846460134,0.8341352803776688,1023.3484039265879,2264.3343350480795,1240.202324176541,3287.6827389746672,4527.885063151209,2688.5635575255183,1839.3215056256904,197.67986471053638,0.789,0.712,0.916,-275.49101948491017,1.0,-569.6961903606889,1.0,1.0
